type,name,notice,furigana
その他プラスチック,アイスクリームの袋,中が銀色の物は燃やすごみへ,あ
その他プラスチック,アイスクリームのカップ、ふた,紙製の物はその他紙、プラスチック製の物はその他プラへ,あ
その他紙,アイスクリームの紙箱,,あ
埋立・金物・有害、アルミ・スチール缶、ペットボトル,アイスノン,,あ
埋立・金物・有害、アルミ・スチール缶、ペットボトル,アイスピック,危険の無いように工夫して出す　（変更前：埋立て）,あ
埋立・金物・有害、アルミ・スチール缶、ペットボトル,アイロン,,あ
埋立・金物・有害、アルミ・スチール缶、ペットボトル,アイロン台,金属製のものはその他金物へ,あ
その他プラスチック,アイロン用のり（容器）,スプレー缶は穴を空けてその他金物へ,あ
燃やすごみ,アカすりタオル,,あ
埋立・金物・有害、アルミ・スチール缶、ペットボトル,アクリル板,,あ
埋立・金物・有害、アルミ・スチール缶、ペットボトル,アコーディオン,,あ
埋立・金物・有害、アルミ・スチール缶、ペットボトル,アコーディオンカーテン,布製は燃やすごみ、それ以外は埋立てへ,あ
埋立・金物・有害、アルミ・スチール缶、ペットボトル,アダプター,,あ
その他紙,厚紙,,あ
埋立・金物・有害、アルミ・スチール缶、ペットボトル,圧力鍋,,あ
燃やすごみ,油（食用油のみ）,薬剤で固めるか紙等に染み込ませて出す,あ
その他プラスチック,油（食用油容器）,水洗いして出す,あ
埋立・金物・有害、アルミ・スチール缶、ペットボトル,油こし容器,,あ
燃やすごみ,油紙,,あ
埋立・金物・有害、アルミ・スチール缶、ペットボトル,油差し,容器の中身を空にして出す,あ
埋立・金物・有害、アルミ・スチール缶、ペットボトル,雨具（カッパ）,,あ
埋立・金物・有害、アルミ・スチール缶、ペットボトル,雨どい,金属部分はその他金物へ,あ
燃やすごみ,網（たも、虫取り網）,,あ
埋立・金物・有害、アルミ・スチール缶、ペットボトル,編み棒,木・竹製の物は燃やすごみへ,あ
燃やすごみ,アルバム,フィルム等も燃やすごみ、金具は金物へ　（変更前：その他紙）,あ
埋立・金物・有害、アルミ・スチール缶、ペットボトル,アルミ計量カップ,,あ
埋立・金物・有害、アルミ・スチール缶、ペットボトル,アルミ缶,汚れたアルミ缶（土がつまったようなもの）は埋立て,あ
燃やすごみ,アルミコーティング袋,,あ
燃やすごみ,アルミホイル（弁当用カップ含む）,,あ
埋立・金物・有害、アルミ・スチール缶、ペットボトル,泡立て器,,あ
埋立・金物・有害、アルミ・スチール缶、ペットボトル,安全靴,,あ
埋立・金物・有害、アルミ・スチール缶、ペットボトル,安全ピン,針先が露出しないようにして出す,あ
埋立・金物・有害、アルミ・スチール缶、ペットボトル,アンテナ,ＢＳアンテナは埋立てへ　（変更前：埋立て）,あ
埋立・金物・有害、アルミ・スチール缶、ペットボトル,アンテナケーブル,,あ
その他プラスチック,育毛剤（容器）,容器の中身を空にして水洗いして出す,い
埋立・金物・有害、アルミ・スチール缶、ペットボトル,移植コテ（園芸用スコップ）,,い
埋立・金物・有害、アルミ・スチール缶、ペットボトル,板ガラス,割れた物は新聞紙に包むなどして危険の無いように工夫して出す,い
燃やすごみ,板きれ,３０ｃｍ以内の長さに切断して出す,い
燃やすごみ,板戸,３０ｃｍ以内の長さに切断して出す,い
ビン,一升ビン,なるべく販売店に引き取ってもらう、無理な場合は色分けして出す,い
埋立・金物・有害、アルミ・スチール缶、ペットボトル,一斗缶,中を使い切り、キャップを外して出す,い
燃やすごみ,糸,,い
埋立・金物・有害、アルミ・スチール缶、ペットボトル,鋳物鍋,,い
埋立・金物・有害、アルミ・スチール缶、ペットボトル,イヤホン,,い
その他プラスチック,衣料品の袋,,い
埋立・金物・有害、アルミ・スチール缶、ペットボトル,入れ歯,,い
燃やすごみ,入れ歯接着剤（容器）,,い
燃やすごみ,色鉛筆,,い
その他紙,色紙,ただし金色、銀色は燃やすごみへ,い
燃やすごみ,印鑑（はんこ）,,い
埋立・金物・有害、アルミ・スチール缶、ペットボトル,印鑑ケース,,い
埋立・金物・有害、アルミ・スチール缶、ペットボトル,インクカートリッジ,できるだけ販売店で引き取ってもらう　（変更前：燃やすごみ）,い
その他プラスチック,インスタントラーメンの袋,中身は燃やすごみへ,い
燃やすごみ,インスタントラーメンの薬味袋,,い
その他プラスチック,インスタントラーメンカップ,水洗いをして出す,い
埋立・金物・有害、アルミ・スチール缶、ペットボトル,インターホン,,い
埋立・金物・有害、アルミ・スチール缶、ペットボトル,ウインナーの包装（オレンジ色）,塩素を含む材質で、燃やすとダイオキシン発生の可能性があるため埋立て,う
燃やすごみ,植木の枝葉,３０ｃｍ以内の長さに切断して出す 枝は袋に入れずに縛って出す,う
埋立・金物・有害、アルミ・スチール缶、ペットボトル,植木鉢,,う
埋立・金物・有害、アルミ・スチール缶、ペットボトル,植木用支柱,木・竹製は燃やすごみ、その他は埋立てへ,う
埋立・金物・有害、アルミ・スチール缶、ペットボトル,ウエストバック,,う
燃やすごみ,ウエットティッシュ,,う
その他プラスチック,ウォッシャー液（容器）,容器の中身を空にして水洗いして出す,う
その他プラスチック,うがい薬（容器）,容器の中身を空にして水洗いして出す,う
埋立・金物・有害、アルミ・スチール缶、ペットボトル,浮輪,,う
その他プラスチック,薄め液（容器）,容器の中身を空にして水洗いして出す,う
燃やすごみ,うちわ,,う
燃やすごみ,ウッドクラフト,,う
埋立・金物・有害、アルミ・スチール缶、ペットボトル,腕時計,,う
埋立・金物・有害、アルミ・スチール缶、ペットボトル,うろこ取り,（変更前：埋立て）,う
埋立・金物・有害、アルミ・スチール缶、ペットボトル,運動靴,,う
埋立・金物・有害、アルミ・スチール缶、ペットボトル,エアーポンプ,,え
ビン,栄養剤のビン,色に応じて分ける,え
埋立・金物・有害、アルミ・スチール缶、ペットボトル,エキスパンダー（運動器具）,,え
その他プラスチック,液体のり（容器）,容器の中身を空にして水洗いして出す,え
その他プラスチック,液体肥料（容器）,容器の中身を空にして水洗いして出す,え
燃やすごみ,エサ,,え
埋立・金物・有害、アルミ・スチール缶、ペットボトル,枝切りばさみ,危険の無いように工夫して出す,え
燃やすごみ,枝類,３０ｃｍ以内の長さに切断して出す,え
埋立・金物・有害、アルミ・スチール缶、ペットボトル,絵の具チューブ,中身を空にして出す,え
燃やすごみ,エプロン（布製）,,え
埋立・金物・有害、アルミ・スチール缶、ペットボトル,ＭＯ,ケースはその他プラスチックへ,え
埋立・金物・有害、アルミ・スチール缶、ペットボトル,ＭＤ,ケースはその他プラスチックへ,え
埋立・金物・有害、アルミ・スチール缶、ペットボトル,ＭＤプレイヤー,,え
埋立・金物・有害、アルミ・スチール缶、ペットボトル,ＬＥＤ電球,,え
埋立・金物・有害、アルミ・スチール缶、ペットボトル,ＬＤ,ケースはその他プラスチックへ,え
埋立・金物・有害、アルミ・スチール缶、ペットボトル,ＬＤプレイヤー,,え
埋立・金物・有害、アルミ・スチール缶、ペットボトル,延長コード,ドラム巻の物はその他金物へ,え
燃やすごみ,鉛筆（色鉛筆含む）,,え
埋立・金物・有害、アルミ・スチール缶、ペットボトル,鉛筆削器,,え
埋立・金物・有害、アルミ・スチール缶、ペットボトル,オイル缶,中身を空にして出す,お
埋立・金物・有害、アルミ・スチール缶、ペットボトル,王冠（ビールびん等のふた）,H.20.10.1　埋め立てより変更,お
埋立・金物・有害、アルミ・スチール缶、ペットボトル,オーディオラック,木製は燃やすごみ、それ以外は埋立てへ,お
その他プラスチック,オードブル皿,水洗いをして出す,お
埋立・金物・有害、アルミ・スチール缶、ペットボトル,オーブントースター,,お
その他プラスチック,お菓子の透明フィルム,,お
埋立・金物・有害、アルミ・スチール缶、ペットボトル,オカリナ,,お
埋立・金物・有害、アルミ・スチール缶、ペットボトル,桶,材質に応じて燃やすごみ、埋立て、その他金物に分ける,お
燃やすごみ,押し入れスノコ,プラスチック製の物は埋立てへ,お
燃やすごみ,押し入れ棚,プラスチック製の物は埋立てへ,お
埋立・金物・有害、アルミ・スチール缶、ペットボトル,押しピン（画鋲）,針先が露出しないようにして出す,お
埋立・金物・有害、アルミ・スチール缶、ペットボトル,おしゃぶり,,お
燃やすごみ,おしぼり,,お
埋立・金物・有害、アルミ・スチール缶、ペットボトル,お玉,材質に応じて燃やすごみ、埋立て、その他金物に分ける,お
埋立・金物・有害、アルミ・スチール缶、ペットボトル,おとし蓋,材質に応じて燃やすごみ、埋立て、その他金物に分ける,お
埋立・金物・有害、アルミ・スチール缶、ペットボトル,斧,危険の無いように工夫して出す　（変更前：埋立て）,お
燃やすごみ,落ち葉,,お
燃やすごみ,帯,３０ｃｍ以内の長さに切断して出す,お
埋立・金物・有害、アルミ・スチール缶、ペットボトル,汚物入れ,金属製の物はその他金物へ,お
燃やすごみ,お風呂用スポンジ,,お
その他プラスチック,お風呂用洗剤（容器）,容器の中身を空にして水洗いして出す,お
埋立・金物・有害、アルミ・スチール缶、ペットボトル,おぼん,木製は燃やすごみ、金属製はその他金物、それ以外は埋立てへ,お
埋立・金物・有害、アルミ・スチール缶、ペットボトル,おまる,,お
燃やすごみ,おむつ,汚物は取り除く,お
燃やすごみ,おむつカバー,,お
埋立・金物・有害、アルミ・スチール缶、ペットボトル,おもちゃ,材質に応じて燃やすごみ、埋立て、その他金物に分ける　電池は抜いて有害ごみへ,お
その他紙,折り紙,ただし金色、銀色は燃やすごみへ,お
埋立・金物・有害、アルミ・スチール缶、ペットボトル,折りたたみかさ,,お
埋立・金物・有害、アルミ・スチール缶、ペットボトル,折りたたみ机、椅子,木製は燃やすごみ、金属製はその他金物、それ以外は埋立てへ,お
埋立・金物・有害、アルミ・スチール缶、ペットボトル,オルゴール,,お
埋立・金物・有害、アルミ・スチール缶、ペットボトル,おろしがね,プラスチック製の物は埋立てへ,お
埋立・金物・有害、アルミ・スチール缶、ペットボトル,温度計,水銀が使われている物は有害ごみへ,お
埋立・金物・有害、アルミ・スチール缶、ペットボトル,カーコンポ,,か
燃やすごみ,カーテン,１ｍ四方以内に切って出す,か
埋立・金物・有害、アルミ・スチール缶、ペットボトル,カーテンレール,,か
埋立・金物・有害、アルミ・スチール缶、ペットボトル,ガーデンフェンス,木製の物は燃やすごみへ,か
燃やすごみ,カード類,紙製の物はその他紙へ,か
埋立・金物・有害、アルミ・スチール缶、ペットボトル,カーナビゲーション,,か
埋立・金物・有害、アルミ・スチール缶、ペットボトル,カーペットローラー,,か
埋立・金物・有害、アルミ・スチール缶、ペットボトル,カーラー,,か
燃やすごみ,カーボン紙,,か
燃やすごみ,貝殻類,,か
埋立・金物・有害、アルミ・スチール缶、ペットボトル,懐中電灯,電池は抜いて有害ごみへ,か
その他プラスチック,買物袋（スーパー袋等）,マイバックを持参して買い物に行く,か
燃やすごみ,カイロ（使い捨て）,完全に冷え切ってから捨てる,か
埋立・金物・有害、アルミ・スチール缶、ペットボトル,鏡,割れた物は危険の無いように工夫して出す,か
埋立・金物・有害、アルミ・スチール缶、ペットボトル,かき氷器,,か
埋立・金物・有害、アルミ・スチール缶、ペットボトル,鍵,,か
埋立・金物・有害、アルミ・スチール缶、ペットボトル,額縁,木製は燃やすごみ、それ以外は埋立てへ,か
埋立・金物・有害、アルミ・スチール缶、ペットボトル,カゴ,木製は燃やすごみ、それ以外は埋立てへ,か
燃やすごみ,かけや,プラスチック製の物は埋立てへ　３０ｃｍ以内に切断して出す,か
埋立・金物・有害、アルミ・スチール缶、ペットボトル,傘,,か
埋立・金物・有害、アルミ・スチール缶、ペットボトル,傘立て,材質に応じて燃やすごみ、埋立て、その他金物に分ける,か
埋立・金物・有害、アルミ・スチール缶、ペットボトル,菓子缶,スチール製の物はスチール缶へ,か
埋立・金物・有害、アルミ・スチール缶、ペットボトル,加湿器,,か
埋立・金物・有害、アルミ・スチール缶、ペットボトル,ガスカートリッジ,必ず容器に穴をあけてガスを抜く,か
埋立・金物・有害、アルミ・スチール缶、ペットボトル,カスタネット,木製は燃やすごみ、それ以外は埋立てへ,か
その他プラスチック,菓子袋,アルミコーティングしてある物は燃やすごみへ,か
その他紙,菓子箱（紙製）,プラスチック製の物はその他プラスチックへ,か
その他プラスチック,菓子袋の中のトレイ,,か
埋立・金物・有害、アルミ・スチール缶、ペットボトル,ガスコンロ,,か
埋立・金物・有害、アルミ・スチール缶、ペットボトル,ガスマット（アルミ製）,,か
埋立・金物・有害、アルミ・スチール缶、ペットボトル,ガスレンジ,電池は抜いて有害ごみへ,か
埋立・金物・有害、アルミ・スチール缶、ペットボトル,ガソリン携行缶,容器の中身を全て出す,か
埋立・金物・有害、アルミ・スチール缶、ペットボトル,カセットコンロ,,か
埋立・金物・有害、アルミ・スチール缶、ペットボトル,カセットテープ,ケースはその他プラスチックへ,か
埋立・金物・有害、アルミ・スチール缶、ペットボトル,カセットデッキ,,か
埋立・金物・有害、アルミ・スチール缶、ペットボトル,カセットボンベ（卓上）,スチール製はスチール缶へ、必ず容器に穴をあけてガスを抜く,か
埋立・金物・有害、アルミ・スチール缶、ペットボトル,カチューシャ,,か
埋立・金物・有害、アルミ・スチール缶、ペットボトル,滑車,金属製の物はその他金物へ,か
埋立・金物・有害、アルミ・スチール缶、ペットボトル,カッターナイフ,刃先が露出しないようにして出す,か
燃やすごみ,カット綿,,か
その他プラスチック,カップ麺容器,水洗いをして出す。紙のふたは燃やすごみへ,か
燃やすごみ,割烹着,,か
燃やすごみ,かつら,,か
埋立・金物・有害、アルミ・スチール缶、ペットボトル,家庭用ゲーム機,,か
埋立・金物・有害、アルミ・スチール缶、ペットボトル,家庭用ゲームソフト,,か
埋立・金物・有害、アルミ・スチール缶、ペットボトル,金網,,か
埋立・金物・有害、アルミ・スチール缶、ペットボトル,かなづち,（変更前：埋立て）,か
燃やすごみ,カニの殻,,か
埋立・金物・有害、アルミ・スチール缶、ペットボトル,かばん,材質に応じて燃やすごみ、埋立て、その他金物に分ける,か
燃やすごみ,画板,,か
埋立・金物・有害、アルミ・スチール缶、ペットボトル,花瓶,割れた物は危険の無いように工夫して出す,か
その他プラスチック,カビ取り剤（容器）,容器の中身を空にして水洗いして出す,か
埋立・金物・有害、アルミ・スチール缶、ペットボトル,画鋲,,か
燃やすごみ,壁紙,,か
埋立・金物・有害、アルミ・スチール缶、ペットボトル,鎌,危険の無いように工夫して出す　（変更前：埋立て）,か
埋立・金物・有害、アルミ・スチール缶、ペットボトル,釜,,か
燃やすごみ,カマボコ（板）,,か
燃やすごみ,髪（髪の毛）,,か
燃やすごみ,紙おむつ,汚物は取り除く,か
その他紙,紙製容器（筒､カップ､箱、袋等）,,か
燃やすごみ,紙パック類（ジュース等の）,水洗いして出す。中が銀色の物は燃やすごみへ,か
埋立・金物・有害、アルミ・スチール缶、ペットボトル,かみそり,刃が露出しないようにして出す,か
燃やすごみ,紙ねんど,,か
燃やすごみ,紙やすり,,か
燃やすごみ,ガム,,か
燃やすごみ,ガムテープ,,か
埋立・金物・有害、アルミ・スチール缶、ペットボトル,カメラ,電池は抜いて有害ごみへ,か
燃やすごみ,蚊帳（かや）,プラスチック、金属部分は外して出す,か
燃やすごみ,カラーボックス,（変更前：埋立て）,か
埋立・金物・有害、アルミ・スチール缶、ペットボトル,ガラス板,割れた物は危険の無いように工夫して出す,か
埋立・金物・有害、アルミ・スチール缶、ペットボトル,軽石,,か
埋立・金物・有害、アルミ・スチール缶、ペットボトル,ガラスの破片,危険の無いように工夫して出す,か
埋立・金物・有害、アルミ・スチール缶、ペットボトル,革靴,,か
燃やすごみ,革手袋,,か
埋立・金物・有害、アルミ・スチール缶、ペットボトル,換気扇（家庭用）,,か
埋立・金物・有害、アルミ・スチール缶、ペットボトル,換気扇カバー,,か
埋立・金物・有害、アルミ・スチール缶、ペットボトル,換気扇フィルター,燃やせるタイプの物は燃やすごみへ,か
埋立・金物・有害、アルミ・スチール缶、ペットボトル,缶切り器,刃が露出しないようにして出す,か
その他プラスチック,玩具のケース,,か
埋立・金物・有害、アルミ・スチール缶、ペットボトル,玩具類,材質に応じて燃やすごみ、埋立て、その他金物に分ける　電池は抜いて有害ごみへ,か
その他プラスチック,緩衝材（発泡スチロール製）,紙製の物は古紙類で資源回収へ出すか、指定業者、クリーンセンターへ持ち込む,か
燃やすごみ,乾燥剤,,か
埋立・金物・有害、アルミ・スチール缶、ペットボトル,乾電池,,か
埋立・金物・有害、アルミ・スチール缶、ペットボトル,カンナ（大工道具）,,か
埋立・金物・有害、アルミ・スチール缶、ペットボトル,缶詰め缶,中を洗って出す　材質不明はその他金物,か
燃やすごみ,感熱紙,,か
埋立・金物・有害、アルミ・スチール缶、ペットボトル,キーホルダー,,き
燃やすごみ,木くず,３０ｃｍ以内の長さに切断して出す,き
燃やすごみ,ギター,３０ｃｍ以内の長さに切断して出す,き
燃やすごみ,きづち,,き
燃やすごみ,キッチンタオル,,き
燃やすごみ,キッチンペーパー,芯はその他紙へ,き
埋立・金物・有害、アルミ・スチール缶、ペットボトル,キッチンラック,材質に応じて燃やすごみ、埋立て、その他金物に分ける,き
燃やすごみ,杵（きね）,３０ｃｍ以内の長さに切断して出す,き
燃やすごみ,木の板,３０ｃｍ以内の長さに切断して出す,き
燃やすごみ,木箱,３０ｃｍ以内の長さに切断して出す,き
燃やすごみ,木べら,,き
埋立・金物・有害、アルミ・スチール缶、ペットボトル,キャスター,,き
埋立・金物・有害、アルミ・スチール缶、ペットボトル,脚立,材質に応じて燃やすごみ、埋立て、その他金物に分ける,き
燃やすごみ,キャッシュカード,はさみなどで切ってから,き
埋立・金物・有害、アルミ・スチール缶、ペットボトル,救急箱,木製は燃やすごみ、金属製はその他金物、プラスチック製は埋立てへ,き
埋立・金物・有害、アルミ・スチール缶、ペットボトル,急須,割れた物は危険の無いように工夫して出す,き
埋立・金物・有害、アルミ・スチール缶、ペットボトル,吸盤,,き
埋立・金物・有害、アルミ・スチール缶、ペットボトル,給油ポンプ,電動の物は電池を除いて出す,き
埋立・金物・有害、アルミ・スチール缶、ペットボトル,キャビネット,,き
埋立・金物・有害、アルミ・スチール缶、ペットボトル,キリ,,き
埋立・金物・有害、アルミ・スチール缶、ペットボトル,霧吹き,,き
その他プラスチック,霧吹き式容器,ふたの部分は埋立てへ,き
埋立・金物・有害、アルミ・スチール缶、ペットボトル,金魚鉢,割れた物は危険の無いように工夫して出す,き
埋立・金物・有害、アルミ・スチール缶、ペットボトル,金庫,指定袋に入らない場合はリサイクルプラザへ　耐火金庫は専門業者へ,き
その他プラスチック,キャップ（ふた）,金属製の物はその他金物へ,き
燃やすごみ,巾着,,き
埋立・金物・有害、アルミ・スチール缶、ペットボトル,空気入れ,,く
埋立・金物・有害、アルミ・スチール缶、ペットボトル,空気清浄機,,く
埋立・金物・有害、アルミ・スチール缶、ペットボトル,クーラーボックス,,く
埋立・金物・有害、アルミ・スチール缶、ペットボトル,釘,先端部分が露出しないようにして出す　（変更前：埋立て）,く
埋立・金物・有害、アルミ・スチール缶、ペットボトル,釘抜き,,く
埋立・金物・有害、アルミ・スチール缶、ペットボトル,草刈り鎌（家庭用）,刃が露出しないようにして出す　（変更前：埋立て）,く
燃やすごみ,草花,土は取り除く,く
埋立・金物・有害、アルミ・スチール缶、ペットボトル,くさり,プラスチック製の物は埋立てへ,く
埋立・金物・有害、アルミ・スチール缶、ペットボトル,くし（櫛）,材質に応じて燃やすごみ、埋立て、その他金物に分ける,く
その他プラスチック,薬の包装,錠剤の裏が銀色の物は燃やすごみへ,く
燃やすごみ,クズ取りネット,プラスチック部分は埋立てへ,く
埋立・金物・有害、アルミ・スチール缶、ペットボトル,果物ナイフ,刃が露出しないようにして出す　（変更前：埋立て）,く
埋立・金物・有害、アルミ・スチール缶、ペットボトル,串,材質に応じて燃やすごみ、埋立て、その他金物に分ける,く
燃やすごみ,口紅,,く
埋立・金物・有害、アルミ・スチール缶、ペットボトル,口紅ケース,,く
埋立・金物・有害、アルミ・スチール缶、ペットボトル,くつ,,く
埋立・金物・有害、アルミ・スチール缶、ペットボトル,クッキングタイマー,電池は抜いて有害ごみへ,く
埋立・金物・有害、アルミ・スチール缶、ペットボトル,クッキングヒーター,金属製の物はその他金物へ,く
燃やすごみ,クッション,３０ｃｍ以内に切断して出す,く
燃やすごみ,靴中敷き,,く
埋立・金物・有害、アルミ・スチール缶、ペットボトル,靴用クリーム,,く
埋立・金物・有害、アルミ・スチール缶、ペットボトル,首輪,,く
埋立・金物・有害、アルミ・スチール缶、ペットボトル,熊手（ホウキみたいなやつ）,木製は燃やすごみ、金属製はその他金物、それ以外は埋立てへ,く
埋立・金物・有害、アルミ・スチール缶、ペットボトル,グラス,割れた物は危険の無いように工夫して出す,く
埋立・金物・有害、アルミ・スチール缶、ペットボトル,クラリネット,,く
埋立・金物・有害、アルミ・スチール缶、ペットボトル,クリアファイル類,,く
埋立・金物・有害、アルミ・スチール缶、ペットボトル,クリーナー（掃除機類）,電池は抜いて有害ごみへ,く
その他プラスチック,クリーニングの袋,,く
埋立・金物・有害、アルミ・スチール缶、ペットボトル,クリスタルガラス,割れた物は危険の無いように工夫して出す,く
埋立・金物・有害、アルミ・スチール缶、ペットボトル,クリスマスツリー,木製は燃やすごみ、それ以外は埋立てへ,く
埋立・金物・有害、アルミ・スチール缶、ペットボトル,クリップ,,く
埋立・金物・有害、アルミ・スチール缶、ペットボトル,グリル,,く
燃やすごみ,クレジットカード,はさみなどで切ってから,く
燃やすごみ,クレヨン（クレパス）,,く
その他プラスチック,クレンザー（容器）,紙製の物はその他紙、ただし異物を取り除くこと,く
燃やすごみ,グローブ,,く
埋立・金物・有害、アルミ・スチール缶、ペットボトル,グローランプ,壊れたものは紙等に包んで出す,く
埋立・金物・有害、アルミ・スチール缶、ペットボトル,クロス,布製は燃やすごみ、それ以外は埋立てへ,く
燃やすごみ,軍手,,く
埋立・金物・有害、アルミ・スチール缶、ペットボトル,蛍光管（蛍光灯）,,け
埋立・金物・有害、アルミ・スチール缶、ペットボトル,蛍光灯のカサ,,け
埋立・金物・有害、アルミ・スチール缶、ペットボトル,蛍光ペン,,け
埋立・金物・有害、アルミ・スチール缶、ペットボトル,携帯ゲーム機,,け
燃やすごみ,毛糸,,け
埋立・金物・有害、アルミ・スチール缶、ペットボトル,計量カップ,金属製はその他金物へ,け
埋立・金物・有害、アルミ・スチール缶、ペットボトル,ケーブル,,け
埋立・金物・有害、アルミ・スチール缶、ペットボトル,ゲーム機（ゲームソフト）,,け
埋立・金物・有害、アルミ・スチール缶、ペットボトル,消しゴム,,け
埋立・金物・有害、アルミ・スチール缶、ペットボトル,化粧びん,中身を使い切って出す。プラスチック製容器はその他プラへ,け
燃やすごみ,下駄（げた）,,け
その他プラスチック,ケチャップ（容器）,容器の中身を空にして水洗いして出す,け
埋立・金物・有害、アルミ・スチール缶、ペットボトル,血圧計,,け
埋立・金物・有害、アルミ・スチール缶、ペットボトル,ケトル（やかん）,,け
埋立・金物・有害、アルミ・スチール缶、ペットボトル,けん引ロープ,,け
埋立・金物・有害、アルミ・スチール缶、ペットボトル,玄関マット,布･ナイロン製は燃やすごみ、それ以外は埋立へ　３０ｃｍ以内の長さに切断して出す,け
埋立・金物・有害、アルミ・スチール缶、ペットボトル,けんざん（剣山）,針先が露出しないようにして出す,け
埋立・金物・有害、アルミ・スチール缶、ペットボトル,工具箱,金属製の物はその他金物へ,こ
埋立・金物・有害、アルミ・スチール缶、ペットボトル,氷まくら,,こ
埋立・金物・有害、アルミ・スチール缶、ペットボトル,ゴーグル,,こ
埋立・金物・有害、アルミ・スチール缶、ペットボトル,コード類,,こ
埋立・金物・有害、アルミ・スチール缶、ペットボトル,コーヒーメーカー,,こ
燃やすごみ,黒板消し,プラスチック製の物は埋立てへ,こ
燃やすごみ,ござ,３０ｃｍ以内の長さに切断して出す,こ
埋立・金物・有害、アルミ・スチール缶、ペットボトル,コップ,材質に応じて燃やすごみ、埋立て、その他金物に分ける,こ
埋立・金物・有害、アルミ・スチール缶、ペットボトル,コネクタ（接続プラグ）,,こ
埋立・金物・有害、アルミ・スチール缶、ペットボトル,小鉢,割れた物は危険の無いように工夫して出す,こ
燃やすごみ,ゴミ取りネット,,こ
埋立・金物・有害、アルミ・スチール缶、ペットボトル,ごみ箱,木・竹・布製のものは燃やすごみへ　金属製のものはその他金物,こ
埋立・金物・有害、アルミ・スチール缶、ペットボトル,ゴム,,こ
燃やすごみ,ゴムひも,,こ
埋立・金物・有害、アルミ・スチール缶、ペットボトル,ゴムホース（家庭用）,,こ
埋立・金物・有害、アルミ・スチール缶、ペットボトル,ゴムマット,,こ
埋立・金物・有害、アルミ・スチール缶、ペットボトル,ゴム手袋,,こ
その他プラスチック,米袋,中が銀色の物は燃やすごみ、紙製の物はその他紙へ,こ
燃やすごみ,コルク,,こ
埋立・金物・有害、アルミ・スチール缶、ペットボトル,コルク抜き,（変更前：埋立て）,こ
燃やすごみ,コルクボード,,こ
埋立・金物・有害、アルミ・スチール缶、ペットボトル,ゴルフバック,,こ
埋立・金物・有害、アルミ・スチール缶、ペットボトル,ゴルフボール・ゴルフティー,,こ
埋立・金物・有害、アルミ・スチール缶、ペットボトル,混合栓,（変更前：埋立て）,こ
埋立・金物・有害、アルミ・スチール缶、ペットボトル,コンセント,,こ
燃やすごみ,コンドーム,,こ
埋立・金物・有害、アルミ・スチール缶、ペットボトル,コンパス,,こ
その他プラスチック,コンビニ等の弁当容器,水洗いして出す,こ
埋立・金物・有害、アルミ・スチール缶、ペットボトル,コンロ,指定袋に入らない物はリサイクルプラザへ持ち込み,こ
埋立・金物・有害、アルミ・スチール缶、ペットボトル,コンロ下敷き,（変更前：埋立て）,こ
埋立・金物・有害、アルミ・スチール缶、ペットボトル,杯,,さ
埋立・金物・有害、アルミ・スチール缶、ペットボトル,サックス,,さ
埋立・金物・有害、アルミ・スチール缶、ペットボトル,殺虫剤スプレー缶,中身を使い切り、穴を開けて出す。材質不明の物はその他金物へ　（変更前：その他金物）,さ
燃やすごみ,座布団,,さ
燃やすごみ,サポーター,,さ
埋立・金物・有害、アルミ・スチール缶、ペットボトル,皿,材質に応じて燃やすごみ、埋立て、その他金物に分ける,さ
その他プラスチック,サラダオイル（容器）,容器の中身を空にして水洗いして出す,さ
埋立・金物・有害、アルミ・スチール缶、ペットボトル,ざる,材質に応じて燃やすごみ、埋立て、その他金物に分ける,さ
埋立・金物・有害、アルミ・スチール缶、ペットボトル,三角コーナー,プラスチック製は埋立て、金属製はその他金物へ,さ
埋立・金物・有害、アルミ・スチール缶、ペットボトル,三脚,プラスチック製は埋立てへ,さ
埋立・金物・有害、アルミ・スチール缶、ペットボトル,サングラス,,さ
埋立・金物・有害、アルミ・スチール缶、ペットボトル,サンダル,,さ
燃やすごみ,サンドペーパー（やすり紙）,,さ
燃やすごみ,残飯,できるだけ堆肥化等を行う。十分水を切って出す,さ
燃やすごみ,シーツ,１ｍ四方以内に切って出す,し
燃やすごみ,シール,,し
埋立・金物・有害、アルミ・スチール缶、ペットボトル,ＣＤディスク,ケースはその他プラスチックへ,し
埋立・金物・有害、アルミ・スチール缶、ペットボトル,ＣＤプレーヤー,,し
埋立・金物・有害、アルミ・スチール缶、ペットボトル,シートカバー,材質に応じて分ける,し
その他プラスチック,ＣＤ・ＭＤ・カセットテープのケース,,し
埋立・金物・有害、アルミ・スチール缶、ペットボトル,シェーバー（ひげそり）,電池は抜いて有害ごみへ,し
埋立・金物・有害、アルミ・スチール缶、ペットボトル,磁石,,し
埋立・金物・有害、アルミ・スチール缶、ペットボトル,湿気とり（容器）,,し
燃やすごみ,湿布,,し
埋立・金物・有害、アルミ・スチール缶、ペットボトル,自転車空気入れ,材質に応じて分ける,し
燃やすごみ,写真,,し
埋立・金物・有害、アルミ・スチール缶、ペットボトル,シャープペンシル,,し
埋立・金物・有害、アルミ・スチール缶、ペットボトル,蛇口,,し
埋立・金物・有害、アルミ・スチール缶、ペットボトル,ジャッキ,,し
燃やすごみ,シャトル（バトミントンの羽）,,し
埋立・金物・有害、アルミ・スチール缶、ペットボトル,シャベル,鉄製の物はその他金物へ,し
燃やすごみ,三味線,３０ｃｍ以内の長さに切断して出す　（変更前：持ち込みごみ）,し
埋立・金物・有害、アルミ・スチール缶、ペットボトル,しゃもじ,木・竹製の物は燃やすごみ、プラスチック製は埋立てへ,し
その他プラスチック,シャンプーのボトル,容器の中身を空にして水洗いして出す,し
埋立・金物・有害、アルミ・スチール缶、ペットボトル,シャンプーのボトルのポンプ式ふた,,し
埋立・金物・有害、アルミ・スチール缶、ペットボトル,シューズケース,,し
埋立・金物・有害、アルミ・スチール缶、ペットボトル,ジュースかん,材質によって分ける,し
ビン,ジュースびん,色に応じて分ける,し
埋立・金物・有害、アルミ・スチール缶、ペットボトル,ジューサー（ミキサー）,,し
埋立・金物・有害、アルミ・スチール缶、ペットボトル,数珠,,し
埋立・金物・有害、アルミ・スチール缶、ペットボトル,充電器,,し
埋立・金物・有害、アルミ・スチール缶、ペットボトル,収納ケース,,し
埋立・金物・有害、アルミ・スチール缶、ペットボトル,瞬間湯沸器（台所用）,,し
埋立・金物・有害、アルミ・スチール缶、ペットボトル,定規,材質に応じて燃やすごみ、埋立て、その他金物に分ける,し
埋立・金物・有害、アルミ・スチール缶、ペットボトル,浄水器,,し
埋立・金物・有害、アルミ・スチール缶、ペットボトル,錠前,（変更前：埋立て）,し
埋立・金物・有害、アルミ・スチール缶、ペットボトル,照明器具,電球をはずして出す,し
埋立・金物・有害、アルミ・スチール缶、ペットボトル,じょうろ,金属製の物はその他金物へ,し
燃やすごみ,食用油,固めるか紙等に染み込まして出す,し
その他プラスチック,食用油等のボトル容器,容器の中身を空にして水洗いして出す,し
埋立・金物・有害、アルミ・スチール缶、ペットボトル,除光液（容器）,容器の中身を全て出す,し
埋立・金物・有害、アルミ・スチール缶、ペットボトル,除湿機,指定袋に入らない物はリサイクルプラザへ持ち込み,し
その他プラスチック,除草剤（容器）,容器の中身を空にして水洗いして出す,し
埋立・金物・有害、アルミ・スチール缶、ペットボトル,食器乾燥機,指定袋に入らない物はリサイクルプラザへ持ち込み,し
埋立・金物・有害、アルミ・スチール缶、ペットボトル,食器ケース,,し
埋立・金物・有害、アルミ・スチール缶、ペットボトル,食器類,材質に応じて燃やすごみ、埋立て、その他金物に分ける,し
燃やすごみ,食品用ラップ類,H.20.7.1　埋め立てより変更,し
埋立・金物・有害、アルミ・スチール缶、ペットボトル,シンバル,,し
埋立・金物・有害、アルミ・スチール缶、ペットボトル,人工芝,,し
埋立・金物・有害、アルミ・スチール缶、ペットボトル,水槽（家庭用）,割れた物は危険の無いように工夫して出す,す
埋立・金物・有害、アルミ・スチール缶、ペットボトル,水槽装飾品・水槽石・水槽砂,,す
埋立・金物・有害、アルミ・スチール缶、ペットボトル,水中ポンプ,,す
埋立・金物・有害、アルミ・スチール缶、ペットボトル,水中メガネ,,す
埋立・金物・有害、アルミ・スチール缶、ペットボトル,スイッチ類,,す
埋立・金物・有害、アルミ・スチール缶、ペットボトル,水筒,金属製はその他金物へ,す
埋立・金物・有害、アルミ・スチール缶、ペットボトル,炊飯器,内釜はその他金物へ,す
燃やすごみ,スキーウェアー・グローブ（手袋）,,す
埋立・金物・有害、アルミ・スチール缶、ペットボトル,スキー靴・スキーケース,,す
燃やすごみ,すき間テープ,,す
埋立・金物・有害、アルミ・スチール缶、ペットボトル,スケート靴,,す
埋立・金物・有害、アルミ・スチール缶、ペットボトル,スケートボード,,す
埋立・金物・有害、アルミ・スチール缶、ペットボトル,スコップ,プラスチック製は埋立てへ、指定袋に入らない物はリサイクルプラザへ持ち込み,す
埋立・金物・有害、アルミ・スチール缶、ペットボトル,硯（すずり）,,す
燃やすごみ,寿司おけ・すし巻き,プラスチック製の物はその他プラスチックへ,す
埋立・金物・有害、アルミ・スチール缶、ペットボトル,すだれ,木・竹製の物は燃やすごみ、プラスチック製の物は埋立てへ,す
埋立・金物・有害、アルミ・スチール缶、ペットボトル,スタンプ台,,す
埋立・金物・有害、アルミ・スチール缶、ペットボトル,スチール缶,汚れたスチール缶（土がつまったようなもの）は埋立て,す
その他プラスチック,スティックのり,中身を使い切る,す
燃やすごみ,ステッカー,,す
埋立・金物・有害、アルミ・スチール缶、ペットボトル,スーツケース,,す
埋立・金物・有害、アルミ・スチール缶、ペットボトル,ストーブガード,,す
燃やすごみ,ストッキング,,す
埋立・金物・有害、アルミ・スチール缶、ペットボトル,ストラップ（携帯電話用）,材質に応じて燃やすごみ、埋立て、その他金物に分ける,す
燃やすごみ,ストロー,,す
その他プラスチック,スナック菓子等の袋,中が銀色の物は燃やすごみ、それ以外はその他プラスチックへ,す
燃やすごみ,すのこ（木製）,３０ｃｍ以内に切断して出す,す
埋立・金物・有害、アルミ・スチール缶、ペットボトル,スパイクシューズ,,す
埋立・金物・有害、アルミ・スチール缶、ペットボトル,スピーカー,,す
埋立・金物・有害、アルミ・スチール缶、ペットボトル,スプーン,,す
埋立・金物・有害、アルミ・スチール缶、ペットボトル,スプレー缶,中身を使い切り穴を開けて出す。材質不明の物はその他金物へ　（変更前：その他金物）,す
燃やすごみ,スポンジ,,す
埋立・金物・有害、アルミ・スチール缶、ペットボトル,スライサー,,す
燃やすごみ,すりこぎ棒,,す
燃やすごみ,スリッパ,ゴム製の物は埋立てへ,す
埋立・金物・有害、アルミ・スチール缶、ペットボトル,すり鉢,,す
燃やすごみ,生花,,せ
その他紙,精米袋,中が銀色の袋は燃やすごみ、紙製はその他紙、透明袋はその他プラへ,せ
燃やすごみ,生理用品,,せ
埋立・金物・有害、アルミ・スチール缶、ペットボトル,せいろ,木・竹製は燃やすごみ、金属製はその他金物へ,せ
その他プラスチック,赤飯用トレイ（容器）,内側が銀色もその他プラスチックへ,せ
燃やすごみ,石鹸,,せ
埋立・金物・有害、アルミ・スチール缶、ペットボトル,石鹸ケース（皿）,,せ
埋立・金物・有害、アルミ・スチール缶、ペットボトル,せせり,（変更前：埋立て）,せ
燃やすごみ,セロハンテープ,,せ
燃やすごみ,線香,,せ
その他プラスチック,洗剤容器,中身を使いきり水洗いして出す、紙製の物は燃やすごみへ,せ
埋立・金物・有害、アルミ・スチール缶、ペットボトル,洗車ブラシ,,せ
埋立・金物・有害、アルミ・スチール缶、ペットボトル,洗濯ネット,,せ
埋立・金物・有害、アルミ・スチール缶、ペットボトル,洗濯バサミ,,せ
燃やすごみ,洗濯用粉石鹸箱,プラスチック製はその他プラスチックへ,せ
埋立・金物・有害、アルミ・スチール缶、ペットボトル,扇風機,指定袋に入らない場合はリサイクルプラザへ持ち込み　金属フードはその他金物,せ
埋立・金物・有害、アルミ・スチール缶、ペットボトル,剪定バサミ,袋が破れないように　（変更前：埋立て）,せ
埋立・金物・有害、アルミ・スチール缶、ペットボトル,栓抜き,,せ
埋立・金物・有害、アルミ・スチール缶、ペットボトル,洗面器,,せ
燃やすごみ,造花,,そ
埋立・金物・有害、アルミ・スチール缶、ペットボトル,双眼鏡,,そ
燃やすごみ,雑巾,,そ
埋立・金物・有害、アルミ・スチール缶、ペットボトル,掃除機,,そ
燃やすごみ,掃除機用ごみパック,,そ
埋立・金物・有害、アルミ・スチール缶、ペットボトル,ソーセージの包装（オレンジ色）,塩素を含む材質で、燃やすとダイオキシン発生の可能性があるため埋立て,そ
埋立・金物・有害、アルミ・スチール缶、ペットボトル,ソケット,,そ
埋立・金物・有害、アルミ・スチール缶、ペットボトル,そり,,そ
埋立・金物・有害、アルミ・スチール缶、ペットボトル,体温計,水銀が使われている物は有害ごみへ,た
埋立・金物・有害、アルミ・スチール缶、ペットボトル,体重計,電池は抜いて有害ごみへ,た
埋立・金物・有害、アルミ・スチール缶、ペットボトル,台所マット,布製は燃やすごみ、それ以外は埋立てへ,た
埋立・金物・有害、アルミ・スチール缶、ペットボトル,タイマー,電池は抜いて有害ごみへ,た
埋立・金物・有害、アルミ・スチール缶、ペットボトル,タイヤチェーン,プラスチック製の物は埋立てへ,た
燃やすごみ,竹ほうき,,た
埋立・金物・有害、アルミ・スチール缶、ペットボトル,脱衣かご,木製は燃やすごみ、それ以外は埋立てへ,た
埋立・金物・有害、アルミ・スチール缶、ペットボトル,タッパ（台所用品）,,た
燃やすごみ,脱臭剤,,た
燃やすごみ,タバコの吸殻,,た
その他プラスチック,たばこ（容器）,フィルムはその他プラ、箱はその他紙、中の銀紙は燃やすごみへ,た
埋立・金物・有害、アルミ・スチール缶、ペットボトル,タバコ用パイプフィルター,,た
埋立・金物・有害、アルミ・スチール缶、ペットボトル,たまごきり,,た
その他プラスチック,卵の透明ケース,H.20.7.1　埋め立てより変更,た
その他プラスチック,たまねぎ袋（ネット）,,た
埋立・金物・有害、アルミ・スチール缶、ペットボトル,タライ,材質に応じて燃やすごみ、埋立て、その他金物に分ける,た
燃やすごみ,たわし類,金たわしはその他金物へ,た
燃やすごみ,たんすシート,,た
燃やすごみ,反物,３０ｃｍ以内の長さに切断して出す,た
埋立・金物・有害、アルミ・スチール缶、ペットボトル,チェーン,プラスチック製の物は埋立てへ,ち
埋立・金物・有害、アルミ・スチール缶、ペットボトル,チェーンソー,危険の無いように工夫して出す　燃料は抜く　（変更前：埋立て）,ち
埋立・金物・有害、アルミ・スチール缶、ペットボトル,チェスト,,ち
埋立・金物・有害、アルミ・スチール缶、ペットボトル,チャイルドシート,（変更前：持ち込みごみ）,ち
埋立・金物・有害、アルミ・スチール缶、ペットボトル,茶筒缶,スチール製の物はスチール缶へ,ち
埋立・金物・有害、アルミ・スチール缶、ペットボトル,茶器・茶碗,割れた物は危険の無いように工夫して出す,ち
燃やすごみ,ちょうちん,プラスチック、金属部分は取り除く,ち
ビン,調味料等の空きびん,色による分類,ち
埋立・金物・有害、アルミ・スチール缶、ペットボトル,調味料等の空き缶,スチール製の物はスチール缶へ,ち
埋立・金物・有害、アルミ・スチール缶、ペットボトル,彫刻刀,危険の無いように工夫して出す,ち
埋立・金物・有害、アルミ・スチール缶、ペットボトル,蝶番（ちょうつがい）,,ち
埋立・金物・有害、アルミ・スチール缶、ペットボトル,調味料ケース・調味料台,,ち
埋立・金物・有害、アルミ・スチール缶、ペットボトル,チョーク,,ち
燃やすごみ,ちりがみ,,ち
埋立・金物・有害、アルミ・スチール缶、ペットボトル,ちりとり,金属製の物はその他金物へ,ち
埋立・金物・有害、アルミ・スチール缶、ペットボトル,杖,木製は燃やすごみ、それ以外は埋立てへ,つ
燃やすごみ,使い捨てカイロ,完全に冷え切ってから捨てる,つ
埋立・金物・有害、アルミ・スチール缶、ペットボトル,使い捨てカメラ（レンズつきフィルム）,,つ
埋立・金物・有害、アルミ・スチール缶、ペットボトル,使い捨てライター,金づちで割るなどしてガスを抜く,つ
埋立・金物・有害、アルミ・スチール缶、ペットボトル,漬物石,,つ
埋立・金物・有害、アルミ・スチール缶、ペットボトル,漬物樽,木製の物は燃やすごみへ,つ
埋立・金物・有害、アルミ・スチール缶、ペットボトル,つっぱり棒・つっぱり棚,,つ
埋立・金物・有害、アルミ・スチール缶、ペットボトル,壷（つぼ）,割れた物は危険の無いように工夫して出す,つ
燃やすごみ,つまようじ,,つ
埋立・金物・有害、アルミ・スチール缶、ペットボトル,積木,木製は燃やすごみ、プラスチック製は埋立てへ,つ
燃やすごみ,爪,,つ
埋立・金物・有害、アルミ・スチール缶、ペットボトル,爪切り,,つ
その他プラスチック,詰換え用洗剤、シャンプー等の袋,中が銀色の物は燃やすごみへ,つ
燃やすごみ,釣り糸,,つ
埋立・金物・有害、アルミ・スチール缶、ペットボトル,釣り竿・リール,竹製の物は燃やすごみへ,つ
埋立・金物・有害、アルミ・スチール缶、ペットボトル,釣り針,針先が露出しないようにして出す　（変更前：埋立て）,つ
燃やすごみ,ティッシュペーパー,,て
その他紙,ティッシュペーパーの箱,取り出し口のビニールはその他プラスチックへ,て
埋立・金物・有害、アルミ・スチール缶、ペットボトル,Ｔ字カミソリ,刃が露出しないようにして出す,て
埋立・金物・有害、アルミ・スチール缶、ペットボトル,ＤＶＤ,ケースはその他プラスチックへ,て
埋立・金物・有害、アルミ・スチール缶、ペットボトル,ＤＶＤプレーヤー,,て
燃やすごみ,テープ（紙）,,て
埋立・金物・有害、アルミ・スチール缶、ペットボトル,テープカッター,,て
燃やすごみ,テーブルクロス,１ｍ四方以内に切断して出す,て
埋立・金物・有害、アルミ・スチール缶、ペットボトル,テープレコーダー,,て
埋立・金物・有害、アルミ・スチール缶、ペットボトル,手鏡,,て
埋立・金物・有害、アルミ・スチール缶、ペットボトル,鉄アレイ,,て
埋立・金物・有害、アルミ・スチール缶、ペットボトル,テニスラケット,,て
燃やすごみ,手袋（毛、皮等）,ゴム、ビニール製の物などは埋立てへ,て
埋立・金物・有害、アルミ・スチール缶、ペットボトル,テレビゲーム機,,て
燃やすごみ,テレホンカード,,て
埋立・金物・有害、アルミ・スチール缶、ペットボトル,電気あんか,,て
埋立・金物・有害、アルミ・スチール缶、ペットボトル,電気カミソリ・電気ひげそり,電池は抜いて有害ごみへ,て
埋立・金物・有害、アルミ・スチール缶、ペットボトル,電気コード,,て
埋立・金物・有害、アルミ・スチール缶、ペットボトル,電気コンロ,金属製の物はその他金物へ,て
埋立・金物・有害、アルミ・スチール缶、ペットボトル,電気スタンド,蛍光灯は取り外し有害ごみへ　金属製はその他金物,て
埋立・金物・有害、アルミ・スチール缶、ペットボトル,電気ストーブ,袋に入らないものはリサイクルプラザへ持ち込み,て
埋立・金物・有害、アルミ・スチール缶、ペットボトル,電気ドリル,,て
埋立・金物・有害、アルミ・スチール缶、ペットボトル,電気ポット,,て
埋立・金物・有害、アルミ・スチール缶、ペットボトル,電球,蛍光灯タイプの物は有害ごみへ,て
埋立・金物・有害、アルミ・スチール缶、ペットボトル,電子辞書,電池は抜いて有害ごみへ,て
埋立・金物・有害、アルミ・スチール缶、ペットボトル,電子レンジ,,て
埋立・金物・有害、アルミ・スチール缶、ペットボトル,天体望遠鏡,,て
埋立・金物・有害、アルミ・スチール缶、ペットボトル,電卓,電池は抜いて有害ごみへ,て
埋立・金物・有害、アルミ・スチール缶、ペットボトル,電池,小型二次電池は販売店へ,て
燃やすごみ,点滴袋・点滴チューブ,針は医療機関へ,て
埋立・金物・有害、アルミ・スチール缶、ペットボトル,電動歯ブラシ,電池（バッテリー）は取り除き有害ごみへ,て
燃やすごみ,天ぷら油,固めるか紙等に染み込まして出す,て
埋立・金物・有害、アルミ・スチール缶、ペットボトル,電話機,,て
埋立・金物・有害、アルミ・スチール缶、ペットボトル,電話台,木製は燃やすごみへ,て
埋立・金物・有害、アルミ・スチール缶、ペットボトル,ドアノブ,,と
燃やすごみ,投網,金属部分は取り除く　１ｍ以内の長さに切断して出す,と
埋立・金物・有害、アルミ・スチール缶、ペットボトル,砥石（といし）,,と
埋立・金物・有害、アルミ・スチール缶、ペットボトル,トイレブラシ,,と
その他紙,トイレットペーパーの芯,,と
埋立・金物・有害、アルミ・スチール缶、ペットボトル,トイレコーナー,金属製の物はその他金物へ,と
埋立・金物・有害、アルミ・スチール缶、ペットボトル,トイレ便座・ふた,便器本体は収集できません専門業者へ,と
埋立・金物・有害、アルミ・スチール缶、ペットボトル,投光機,,と
その他プラスチック,豆腐のケース,,と
埋立・金物・有害、アルミ・スチール缶、ペットボトル,陶磁器類,割れた物は危険の無いように工夫して出す,と
埋立・金物・有害、アルミ・スチール缶、ペットボトル,灯油用ポリタンク・灯油ポンプ,電池は抜いて有害ごみへ,と
埋立・金物・有害、アルミ・スチール缶、ペットボトル,トースター,,と
埋立・金物・有害、アルミ・スチール缶、ペットボトル,トーチ,,と
埋立・金物・有害、アルミ・スチール缶、ペットボトル,戸車,,と
埋立・金物・有害、アルミ・スチール缶、ペットボトル,時計,電池は抜いて有害ごみへ,と
埋立・金物・有害、アルミ・スチール缶、ペットボトル,トタン,指定袋に入らない場合はリサイクルプラザへ持ち込み　（変更前：持ち込みごみ）,と
埋立・金物・有害、アルミ・スチール缶、ペットボトル,徳利,,と
埋立・金物・有害、アルミ・スチール缶、ペットボトル,土鍋・土瓶,,と
埋立・金物・有害、アルミ・スチール缶、ペットボトル,土のう袋（肥料袋）,中身を空にして出す,と
埋立・金物・有害、アルミ・スチール缶、ペットボトル,ドライバー（家庭工具）,（変更前：埋立て）,と
埋立・金物・有害、アルミ・スチール缶、ペットボトル,ドライヤー,,と
埋立・金物・有害、アルミ・スチール缶、ペットボトル,トランク（旅行かばん）,指定袋に入らない物はリサイクルプラザへ持ち込み,と
埋立・金物・有害、アルミ・スチール缶、ペットボトル,トランシーバー,電池は抜いて有害ごみへ,と
埋立・金物・有害、アルミ・スチール缶、ペットボトル,ドリッパー,,と
燃やすごみ,ドリップ用フィルター,,と
埋立・金物・有害、アルミ・スチール缶、ペットボトル,鳥かご,竹製の物は燃やすごみへ,と
埋立・金物・有害、アルミ・スチール缶、ペットボトル,塗料の容器,中身を空にして出す,と
埋立・金物・有害、アルミ・スチール缶、ペットボトル,塗料のスプレー缶,スチール製はスチール缶へ、必ず容器に穴をあけてガスを抜く,と
埋立・金物・有害、アルミ・スチール缶、ペットボトル,ドリル,,と
埋立・金物・有害、アルミ・スチール缶、ペットボトル,ドリル刃,刃が露出しないようにして出す　（変更前：埋立て）,と
埋立・金物・有害、アルミ・スチール缶、ペットボトル,ドリンクの口金,H.20.10.1　埋め立てより変更,と
その他プラスチック,トレイ類,,と
埋立・金物・有害、アルミ・スチール缶、ペットボトル,トロフィー,,と
埋立・金物・有害、アルミ・スチール缶、ペットボトル,泥除け（車用）,,と
埋立・金物・有害、アルミ・スチール缶、ペットボトル,丼鉢,,と
埋立・金物・有害、アルミ・スチール缶、ペットボトル,ナイフ類,刃が露出しないようにして出す　（変更前：埋立て）,な
その他プラスチック,ナイロン袋,,な
その他プラスチック,苗木用軟プラスチック容器,水洗いして出す,な
埋立・金物・有害、アルミ・スチール缶、ペットボトル,長靴,,な
埋立・金物・有害、アルミ・スチール缶、ペットボトル,ナタ（かま）,刃が露出しないようにして出す　（変更前：埋立て）,な
埋立・金物・有害、アルミ・スチール缶、ペットボトル,ナット・ボルト,,な
埋立・金物・有害、アルミ・スチール缶、ペットボトル,ナップサック,,な
燃やすごみ,ナプキン,,な
燃やすごみ,生ごみ,できるだけ堆肥化を行う,な
埋立・金物・有害、アルミ・スチール缶、ペットボトル,縄跳び紐,材質に応じて分ける　１ｍ以内に切って出す,な
埋立・金物・有害、アルミ・スチール缶、ペットボトル,縄,布、革製等の物は燃やすごみ、合成繊維の物は埋立てへ　１ｍ以内に切って出す,な
埋立・金物・有害、アルミ・スチール缶、ペットボトル,鍋,土鍋は埋立て,な
埋立・金物・有害、アルミ・スチール缶、ペットボトル,鍋敷き,木製は燃やすごみ、金属製はその他金物へ,な
燃やすごみ,鍋つかみ,,な
埋立・金物・有害、アルミ・スチール缶、ペットボトル,鍋焼きうどんの容器（使い捨てアルミタイプのもの）,,な
埋立・金物・有害、アルミ・スチール缶、ペットボトル,波板（プラスチック製）,指定袋に入らない場合はリサイクルプラザへ持ち込み,な
埋立・金物・有害、アルミ・スチール缶、ペットボトル,南京錠,,な
埋立・金物・有害、アルミ・スチール缶、ペットボトル,肉たたき,（変更前：埋立て）,に
その他プラスチック,荷造りひも,紙紐などはその他紙へ,に
埋立・金物・有害、アルミ・スチール缶、ペットボトル,ニッパー,（変更前：埋立て）,に
その他プラスチック,乳酸菌飲料容器,水洗いをし、ふたのアルミは必ず取り除くこと,に
その他プラスチック,入浴剤（袋）,アルミコーティングしてある物は燃やすごみへ,に
燃やすごみ,人形,ビニール製やプラスチック製の物などは埋立てへ,に
燃やすごみ,ぬいぐるみ,,ぬ
埋立・金物・有害、アルミ・スチール缶、ペットボトル,縫い針,針先が露出しないようにして出す　（変更前：埋立て）,ぬ
燃やすごみ,布,,ぬ
埋立・金物・有害、アルミ・スチール缶、ペットボトル,ネームプレート,,ね
燃やすごみ,ネガ,,ね
燃やすごみ,ネクタイ,,ね
埋立・金物・有害、アルミ・スチール缶、ペットボトル,ネジ,,ね
埋立・金物・有害、アルミ・スチール缶、ペットボトル,ネズミ捕りカゴ,,ね
燃やすごみ,ネズミ捕りシート,,ね
燃やすごみ,寝袋,,ね
その他プラスチック,練りわさび・からし（容器）,容器の中身を空にして水洗いして出す。洗えないものは燃やすごみへ,ね
埋立・金物・有害、アルミ・スチール缶、ペットボトル,ねんど（教材用）（紙ねんどを除く）,袋に入れて中身を表示して出す,ね
埋立・金物・有害、アルミ・スチール缶、ペットボトル,ノギス（長さ計るもの）,（変更前：埋立て）,の
埋立・金物・有害、アルミ・スチール缶、ペットボトル,のこぎり,刃が露出しないようにして出す　（変更前：埋立て）,の
埋立・金物・有害、アルミ・スチール缶、ペットボトル,ノズル,,の
埋立・金物・有害、アルミ・スチール缶、ペットボトル,ノミ（大工道具）,（変更前：埋立て）,の
埋立・金物・有害、アルミ・スチール缶、ペットボトル,のり容器（接着用）,容器の中身を空にして出す,の
ビン,のりびん,色に応じて分ける,の
埋立・金物・有害、アルミ・スチール缶、ペットボトル,のり缶,スチール製の物はスチール缶へ,の
燃やすごみ,のれん,,の
燃やすごみ,歯,,は
埋立・金物・有害、アルミ・スチール缶、ペットボトル,バーベキューコンロ,,は
埋立・金物・有害、アルミ・スチール缶、ペットボトル,ハーモニカ,,は
埋立・金物・有害、アルミ・スチール缶、ペットボトル,バール,,は
埋立・金物・有害、アルミ・スチール缶、ペットボトル,灰皿,金属製はその他金物へ,は
埋立・金物・有害、アルミ・スチール缶、ペットボトル,ハエたたき,,は
燃やすごみ,バインダー,紙製は金属部分を取り除き燃やすごみ、それ以外は埋立てへ,は
その他紙,はがき,,は
埋立・金物・有害、アルミ・スチール缶、ペットボトル,はかり,金属製の物はその他金物へ,は
燃やすごみ,剥製（はくせい）,,は
埋立・金物・有害、アルミ・スチール缶、ペットボトル,はけ,,は
埋立・金物・有害、アルミ・スチール缶、ペットボトル,バケツ,金属製はその他金物、それ以外は埋立てへ,は
埋立・金物・有害、アルミ・スチール缶、ペットボトル,はさみ,刃が露出しないようにして出す　（変更前：埋立て）,は
埋立・金物・有害、アルミ・スチール缶、ペットボトル,箸（はし）、箸箱,木・竹製は燃やすごみ、プラスチック製は埋立てへ,は
埋立・金物・有害、アルミ・スチール缶、ペットボトル,バスケット,木製部分は燃やすごみ、それ以外は埋立てへ,は
埋立・金物・有害、アルミ・スチール缶、ペットボトル,バスケットボール,,は
燃やすごみ,バスマット（足拭き）,,は
燃やすごみ,ハタキ,プラスチック製は埋立てへ、金属製はその他金物へ,は
埋立・金物・有害、アルミ・スチール缶、ペットボトル,鉢,木製は燃やすごみへ,は
埋立・金物・有害、アルミ・スチール缶、ペットボトル,バッグ（かばん）,材質に応じて燃やすごみ、埋立てに分ける,は
燃やすごみ,パット,,は
その他プラスチック,発泡スチロール製緩衝材,,は
その他プラスチック,発泡スチロール製トロ箱,多量の場合はリサイクルプラザへ持ち込み,は
燃やすごみ,花火,水に濡らしてから出す,は
埋立・金物・有害、アルミ・スチール缶、ペットボトル,パネルヒーター,,は
燃やすごみ,パフ,,は
埋立・金物・有害、アルミ・スチール缶、ペットボトル,歯ブラシ,,は
燃やすごみ,歯みがきチューブ,中身を使い切って出す,は
埋立・金物・有害、アルミ・スチール缶、ペットボトル,ハム等の包装（オレンジ色）,塩素を含む材質で、燃やすとダイオキシン発生の可能性があるため埋立て,は
燃やすごみ,バラン,,は
埋立・金物・有害、アルミ・スチール缶、ペットボトル,針,針先が露出しないようにして出す　（変更前：埋立て）,は
埋立・金物・有害、アルミ・スチール缶、ペットボトル,針金,,は
埋立・金物・有害、アルミ・スチール缶、ペットボトル,ハロゲンヒーター,金属フードはその他金物へ,は
埋立・金物・有害、アルミ・スチール缶、ペットボトル,ハンガー,木製は燃やすごみ、プラスチック製は埋立て、金属製はその他金物へ,は
埋立・金物・有害、アルミ・スチール缶、ペットボトル,飯ごう,,は
その他紙,半紙,文字が書いてある半紙もその他紙へ,は
埋立・金物・有害、アルミ・スチール缶、ペットボトル,ハンダ,,は
埋立・金物・有害、アルミ・スチール缶、ペットボトル,ハンダゴテ,（変更前：埋立て）,は
埋立・金物・有害、アルミ・スチール缶、ペットボトル,パンチ（穴あけ機）,（変更前：埋立て）,は
埋立・金物・有害、アルミ・スチール缶、ペットボトル,ハンドルカバー,,は
埋立・金物・有害、アルミ・スチール缶、ペットボトル,ハンマー,金属製の物はその他金物へ,は
埋立・金物・有害、アルミ・スチール缶、ペットボトル,ピアニカ,,ひ
その他プラスチック,ＰＰバンド（カラーテープ）,,ひ
埋立・金物・有害、アルミ・スチール缶、ペットボトル,ビーチサンダル,,ひ
埋立・金物・有害、アルミ・スチール缶、ペットボトル,ヒール,,ひ
ビン,ビールびん,なるべく販売店に返す、無理な場合は色に応じて分ける,ひ
埋立・金物・有害、アルミ・スチール缶、ペットボトル,ひしゃく,,ひ
埋立・金物・有害、アルミ・スチール缶、ペットボトル,ビー玉,,ひ
埋立・金物・有害、アルミ・スチール缶、ペットボトル,ひげそり,刃が露出しないようにして出す,ひ
埋立・金物・有害、アルミ・スチール缶、ペットボトル,ビデオカメラ,電池は抜いて有害ごみへ,ひ
埋立・金物・有害、アルミ・スチール缶、ペットボトル,ビデオテープ,ケースはその他プラスチックへ,ひ
埋立・金物・有害、アルミ・スチール缶、ペットボトル,ビデオデッキ,,ひ
埋立・金物・有害、アルミ・スチール缶、ペットボトル,ビニールカッパ,,ひ
埋立・金物・有害、アルミ・スチール缶、ペットボトル,ビニールシート,農業用ビニールシート等はＪＡへ,ひ
埋立・金物・有害、アルミ・スチール缶、ペットボトル,ビニールテープ,塩素を含む材質で、燃やすとダイオキシン発生の可能性があるため埋立て,ひ
その他プラスチック,ビニール袋,,ひ
その他プラスチック,ビニールひも,（変更前：燃やすごみ）,ひ
埋立・金物・有害、アルミ・スチール缶、ペットボトル,火バサミ、火箸,,ひ
燃やすごみ,ひも,１ｍ以内に切って出す,ひ
埋立・金物・有害、アルミ・スチール缶、ペットボトル,ヒューズ,,ひ
ビン,びん（飲食料品用）,色に応じて分ける　口金、王冠（ビールびん等のふた）はその他金物へ,ひ
埋立・金物・有害、アルミ・スチール缶、ペットボトル,びん（飲食料品用以外）,,ひ
埋立・金物・有害、アルミ・スチール缶、ペットボトル,びん（汚れた土がつまったようなもの）,,ひ
埋立・金物・有害、アルミ・スチール缶、ペットボトル,ピンセット,,ひ
埋立・金物・有害、アルミ・スチール缶、ペットボトル,ピンどめ,プラスチック製の物は埋立てへ,ひ
埋立・金物・有害、アルミ・スチール缶、ペットボトル,ファイル,材質に応じて分ける,ふ
埋立・金物・有害、アルミ・スチール缶、ペットボトル,ファックス（ファクシミリ）,,ふ
埋立・金物・有害、アルミ・スチール缶、ペットボトル,ファンデーション,容器の中身を空にする,ふ
埋立・金物・有害、アルミ・スチール缶、ペットボトル,ファンヒーター,給油タンク及び本体内の灯油を空にして出す　電池を抜く　大きいものは持ち込み,ふ
埋立・金物・有害、アルミ・スチール缶、ペットボトル,フィルター,,ふ
燃やすごみ,フィルム（ネガ）,,ふ
埋立・金物・有害、アルミ・スチール缶、ペットボトル,ブースターケーブル,,ふ
燃やすごみ,風船,,ふ
埋立・金物・有害、アルミ・スチール缶、ペットボトル,風鈴,金属製の物はその他金物へ,ふ
その他紙,封筒類,窓開き封筒のセロハンは取り除いて燃やすごみへ,ふ
埋立・金物・有害、アルミ・スチール缶、ペットボトル,プール（幼児用）,,ふ
埋立・金物・有害、アルミ・スチール缶、ペットボトル,笛（ホイッスル）,,ふ
埋立・金物・有害、アルミ・スチール缶、ペットボトル,フェンス,指定袋に入らないものはリサイクルプラザへ持ち込み,ふ
埋立・金物・有害、アルミ・スチール缶、ペットボトル,フォーク（台所用品）,,ふ
燃やすごみ,筆,,ふ
埋立・金物・有害、アルミ・スチール缶、ペットボトル,筆箱,木、竹、布製等の物は燃やすごみ、それ以外は埋立てへ,ふ
燃やすごみ,布団カバー,１ｍ四方以内に切って出す,ふ
埋立・金物・有害、アルミ・スチール缶、ペットボトル,布団乾燥機,,ふ
埋立・金物・有害、アルミ・スチール缶、ペットボトル,布団たたき,木製、竹製の物は燃やすごみ、それ以外は埋立てへ,ふ
燃やすごみ,布団袋,１ｍ四方以内に切って出す,ふ
埋立・金物・有害、アルミ・スチール缶、ペットボトル,踏み台,木製は燃やすごみ、それ以外は埋立てへ,ふ
埋立・金物・有害、アルミ・スチール缶、ペットボトル,譜面台,金属製はその他金物,ふ
埋立・金物・有害、アルミ・スチール缶、ペットボトル,フライ返し,金属性はその他金物,ふ
埋立・金物・有害、アルミ・スチール缶、ペットボトル,フライパン,,ふ
埋立・金物・有害、アルミ・スチール缶、ペットボトル,プライヤー,（変更前：埋立て）,ふ
埋立・金物・有害、アルミ・スチール缶、ペットボトル,プラグ,,ふ
埋立・金物・有害、アルミ・スチール缶、ペットボトル,ブラシ,,ふ
その他プラスチック,プラスチック製包装（透明フィルム等）,,ふ
その他プラスチック,プラスチック製フォーク・スプーン等,（変更前：燃やすごみ）,ふ
埋立・金物・有害、アルミ・スチール缶、ペットボトル,プラモデル,電池は抜いて有害ごみへ,ふ
その他プラスチック,フラワーポット,土等は取り除く　（変更前：埋立て）,ふ
燃やすごみ,ブランケット,,ふ
埋立・金物・有害、アルミ・スチール缶、ペットボトル,プランター,木製は燃やすごみ、プラスチック製は埋立てへ,ふ
埋立・金物・有害、アルミ・スチール缶、ペットボトル,プリンター,,ふ
その他プラスチック,プリン、ゼリー容器,水洗いして出す,ふ
埋立・金物・有害、アルミ・スチール缶、ペットボトル,ふるい,,ふ
埋立・金物・有害、アルミ・スチール缶、ペットボトル,風呂イス,木製は燃やすごみ、プラスチック製は埋立てへ,ふ
埋立・金物・有害、アルミ・スチール缶、ペットボトル,ブルーシート,,ふ
埋立・金物・有害、アルミ・スチール缶、ペットボトル,フロッピーディスク,ケースはその他プラスチックへ,ふ
埋立・金物・有害、アルミ・スチール缶、ペットボトル,風呂ぶた,木製は燃やすごみ、それ以外は埋立てへ,ふ
埋立・金物・有害、アルミ・スチール缶、ペットボトル,風呂マット,,ふ
埋立・金物・有害、アルミ・スチール缶、ペットボトル,風呂用ブーツ,,ふ
埋立・金物・有害、アルミ・スチール缶、ペットボトル,文鎮,金属製の物はその他金物、それ以外は埋立てへ,ふ
埋立・金物・有害、アルミ・スチール缶、ペットボトル,分度器,,ふ
埋立・金物・有害、アルミ・スチール缶、ペットボトル,噴霧器,,ふ
埋立・金物・有害、アルミ・スチール缶、ペットボトル,ヘアスタイラー,,へ
燃やすごみ,ヘアーバンド,,へ
埋立・金物・有害、アルミ・スチール缶、ペットボトル,ヘアピン,,へ
埋立・金物・有害、アルミ・スチール缶、ペットボトル,ヘアーブラシ,木製は燃やすごみ、それ以外は埋立てへ,へ
埋立・金物・有害、アルミ・スチール缶、ペットボトル,ヘアースプレー缶,中身を空にして穴を開けて出す　材質不明の物はその他金物へ　（変更前：その他金物）,へ
埋立・金物・有害、アルミ・スチール缶、ペットボトル,ヘアマニキュア（容器）,容器の中身を空にして出す,へ
埋立・金物・有害、アルミ・スチール缶、ペットボトル,ペーパーホルダー,,へ
埋立・金物・有害、アルミ・スチール缶、ペットボトル,ペットボトル,キャップ、ラベルを取り洗って出す,へ
その他プラスチック,ペットボトルのキャップ・ラベル,,へ
埋立・金物・有害、アルミ・スチール缶、ペットボトル,ヘッドホン,,へ
埋立・金物・有害、アルミ・スチール缶、ペットボトル,ペット運搬ケージ,,へ
燃やすごみ,ペットフード,,へ
燃やすごみ,ペット用おむつ、ペット砂、ペットふん,,へ
燃やすごみ,ベニヤ板,３０ｃｍ以内に切断して出す,へ
埋立・金物・有害、アルミ・スチール缶、ペットボトル,ベビーラック,,へ
埋立・金物・有害、アルミ・スチール缶、ペットボトル,ヘルメット,,へ
埋立・金物・有害、アルミ・スチール缶、ペットボトル,ベルト（洋服用）,皮製の物は金具部分を外し燃やすごみへ,へ
埋立・金物・有害、アルミ・スチール缶、ペットボトル,ヘルスメーター,,へ
埋立・金物・有害、アルミ・スチール缶、ペットボトル,ペンキの缶,スチール製の物はスチール缶へ,へ
燃やすごみ,便座カバー,,へ
埋立・金物・有害、アルミ・スチール缶、ペットボトル,ペンチ（家庭用具）,（変更前：埋立て）,へ
埋立・金物・有害、アルミ・スチール缶、ペットボトル,弁当箱,アルミ製の物はその他金物へ,へ
埋立・金物・有害、アルミ・スチール缶、ペットボトル,望遠鏡,,ほ
埋立・金物・有害、アルミ・スチール缶、ペットボトル,ほうき,木・竹製は燃やすごみ、それ以外は埋立てへ,ほ
埋立・金物・有害、アルミ・スチール缶、ペットボトル,芳香剤,プラスチック製容器は水洗いしてその他プラスチックへ,ほ
埋立・金物・有害、アルミ・スチール缶、ペットボトル,防水スプレー,中身を空にして穴を開けて出す　材質不明の物はその他金物へ　（変更前：その他金物）,ほ
埋立・金物・有害、アルミ・スチール缶、ペットボトル,宝石箱,木製の物は燃やすごみ、それ以外は埋立てへ,ほ
埋立・金物・有害、アルミ・スチール缶、ペットボトル,ボウル（調理用）,プラスチック製の物は埋立てへ,ほ
その他紙,包装紙,,ほ
燃やすごみ,包帯,,ほ
燃やすごみ,防虫剤,,ほ
燃やすごみ,防虫シート,,ほ
埋立・金物・有害、アルミ・スチール缶、ペットボトル,包丁,刃が露出しないようにして出す　（変更前：埋立て）,ほ
埋立・金物・有害、アルミ・スチール缶、ペットボトル,包丁研ぎ器,,ほ
埋立・金物・有害、アルミ・スチール缶、ペットボトル,ホーロー鍋,,ほ
埋立・金物・有害、アルミ・スチール缶、ペットボトル,ホーローカップ,,ほ
埋立・金物・有害、アルミ・スチール缶、ペットボトル,ホーローやかん,,ほ
埋立・金物・有害、アルミ・スチール缶、ペットボトル,ホース（ビニール、ゴム）,,ほ
埋立・金物・有害、アルミ・スチール缶、ペットボトル,ホースリール,,ほ
埋立・金物・有害、アルミ・スチール缶、ペットボトル,ポータブルコンロ,,ほ
埋立・金物・有害、アルミ・スチール缶、ペットボトル,ポータブルトイレ,,ほ
埋立・金物・有害、アルミ・スチール缶、ペットボトル,ボードゲーム,紙で出来ている部分はその他紙へ,ほ
埋立・金物・有害、アルミ・スチール缶、ペットボトル,ボールペン,,ほ
埋立・金物・有害、アルミ・スチール缶、ペットボトル,ボール（スポーツ用）,,ほ
埋立・金物・有害、アルミ・スチール缶、ペットボトル,歩行器（乳児用）,指定袋に入らない物はリサイクルプラザへ持ち込み,ほ
埋立・金物・有害、アルミ・スチール缶、ペットボトル,ボストンバッグ,指定袋に入らない物はリサイクルプラザへ持ち込み,ほ
埋立・金物・有害、アルミ・スチール缶、ペットボトル,ボタン,,ほ
埋立・金物・有害、アルミ・スチール缶、ペットボトル,ボタン電池,,ほ
埋立・金物・有害、アルミ・スチール缶、ペットボトル,ホッチキス,針はその他金物へ,ほ
埋立・金物・有害、アルミ・スチール缶、ペットボトル,ホットプレート,,ほ
埋立・金物・有害、アルミ・スチール缶、ペットボトル,ボディブラシ,,ほ
燃やすごみ,ポテトチップ（包装）,中が銀色のため,ほ
埋立・金物・有害、アルミ・スチール缶、ペットボトル,ポット（魔法瓶）,,ほ
埋立・金物・有害、アルミ・スチール缶、ペットボトル,哺乳瓶,,ほ
埋立・金物・有害、アルミ・スチール缶、ペットボトル,ポリタンク,中身を空にして出す,ほ
その他プラスチック,ポリ袋,,ほ
埋立・金物・有害、アルミ・スチール缶、ペットボトル,ボルト・ナット,,ほ
埋立・金物・有害、アルミ・スチール缶、ペットボトル,保冷剤,,ほ
埋立・金物・有害、アルミ・スチール缶、ペットボトル,ホワイトボード,,ほ
埋立・金物・有害、アルミ・スチール缶、ペットボトル,ポンプ,,ほ
埋立・金物・有害、アルミ・スチール缶、ペットボトル,マーカーペン,,ま
埋立・金物・有害、アルミ・スチール缶、ペットボトル,麻雀パイ、麻雀卓、麻雀マット,,ま
埋立・金物・有害、アルミ・スチール缶、ペットボトル,マイク,,ま
埋立・金物・有害、アルミ・スチール缶、ペットボトル,マウス,,ま
燃やすごみ,マウスパッド,,ま
埋立・金物・有害、アルミ・スチール缶、ペットボトル,巻尺,,ま
埋立・金物・有害、アルミ・スチール缶、ペットボトル,マグネット（磁石）,,ま
埋立・金物・有害、アルミ・スチール缶、ペットボトル,マグネットクリップ,,ま
埋立・金物・有害、アルミ・スチール缶、ペットボトル,マグネットフック,,ま
燃やすごみ,まくら,,ま
埋立・金物・有害、アルミ・スチール缶、ペットボトル,マグカップ,,ま
埋立・金物・有害、アルミ・スチール缶、ペットボトル,孫の手,木・竹製は燃やすごみ、それ以外は埋立てへ,ま
埋立・金物・有害、アルミ・スチール缶、ペットボトル,マジックペン,,ま
燃やすごみ,マスク,,ま
埋立・金物・有害、アルミ・スチール缶、ペットボトル,まち針,針先が露出しないようにして出す　（変更前：埋立て）,ま
埋立・金物・有害、アルミ・スチール缶、ペットボトル,マッサージ機,指定袋に入らない物はリサイクルプラザへ持ち込み,ま
燃やすごみ,マッチ,水に濡らしてから出す,ま
埋立・金物・有害、アルミ・スチール缶、ペットボトル,窓ガラス（板ガラス）,割れた物は危険の無いように工夫して出す,ま
埋立・金物・有害、アルミ・スチール缶、ペットボトル,まな板,木製は燃やすごみ、それ以外は埋立てへ,ま
埋立・金物・有害、アルミ・スチール缶、ペットボトル,まな板立て,,ま
燃やすごみ,マフラー,,ま
埋立・金物・有害、アルミ・スチール缶、ペットボトル,魔法瓶,,ま
その他プラスチック,マヨネーズ（容器）,容器の中身を空にして水洗いして出す,ま
埋立・金物・有害、アルミ・スチール缶、ペットボトル,万歩計,,ま
埋立・金物・有害、アルミ・スチール缶、ペットボトル,万年筆,,ま
その他プラスチック,みかんネット,,み
埋立・金物・有害、アルミ・スチール缶、ペットボトル,ミキサー,,み
埋立・金物・有害、アルミ・スチール缶、ペットボトル,ミシン（家庭用）,,み
埋立・金物・有害、アルミ・スチール缶、ペットボトル,ミシン針,針先が露出しないようにして出す　（変更前：埋立て）,み
埋立・金物・有害、アルミ・スチール缶、ペットボトル,水差し,,み
埋立・金物・有害、アルミ・スチール缶、ペットボトル,水まくら,,み
燃やすごみ,ミット,,み
埋立・金物・有害、アルミ・スチール缶、ペットボトル,ミニスキー,,み
埋立・金物・有害、アルミ・スチール缶、ペットボトル,ミニカー,,み
埋立・金物・有害、アルミ・スチール缶、ペットボトル,耳かき,木・竹製は燃やすごみ、それ以外は埋立てへ,み
埋立・金物・有害、アルミ・スチール缶、ペットボトル,ミラー,割れた物は危険の無いように工夫して出す,み
埋立・金物・有害、アルミ・スチール缶、ペットボトル,虫かご,,む
燃やすごみ,蒸し器（せいろ）（木製）,アルミ製の物はその他金物へ,む
埋立・金物・有害、アルミ・スチール缶、ペットボトル,虫取りアミ,木・竹製は燃やすごみ、それ以外は埋立てへ,む
埋立・金物・有害、アルミ・スチール缶、ペットボトル,むしめがね,,む
燃やすごみ,むしろ（わらで編んだジュータンみたいなもの）,１ｍ四方以内に切断して出す,む
埋立・金物・有害、アルミ・スチール缶、ペットボトル,無線機,,む
埋立・金物・有害、アルミ・スチール缶、ペットボトル,めがね、めがねケース,,め
埋立・金物・有害、アルミ・スチール缶、ペットボトル,メガホン,紙製の物は燃やすごみへ,め
埋立・金物・有害、アルミ・スチール缶、ペットボトル,目薬の容器,（変更前：燃やすごみ）,め
埋立・金物・有害、アルミ・スチール缶、ペットボトル,目覚まし時計,電池は抜いて有害ごみへ,め
埋立・金物・有害、アルミ・スチール缶、ペットボトル,メジャー,,め
その他紙,メモ用紙,,め
燃やすごみ,綿棒,,め
埋立・金物・有害、アルミ・スチール缶、ペットボトル,モップ（柄付モップ）,,も
埋立・金物・有害、アルミ・スチール缶、ペットボトル,やかん,,や
埋立・金物・有害、アルミ・スチール缶、ペットボトル,焼き網,,や
燃やすごみ,野菜くず,できるだけ堆肥化等の資源化を行う。十分水を切って出す,や
埋立・金物・有害、アルミ・スチール缶、ペットボトル,ヤスリ,,や
埋立・金物・有害、アルミ・スチール缶、ペットボトル,ヤッケ,,や
埋立・金物・有害、アルミ・スチール缶、ペットボトル,湯たんぽ,プラスチック製は埋立てへ,ゆ
埋立・金物・有害、アルミ・スチール缶、ペットボトル,湯のみ茶碗,,ゆ
埋立・金物・有害、アルミ・スチール缶、ペットボトル,湯沸しポット,,ゆ
埋立・金物・有害、アルミ・スチール缶、ペットボトル,洋裁ピン,,よ
埋立・金物・有害、アルミ・スチール缶、ペットボトル,浴槽のふた,木製、竹製等は燃やすごみ、それ以外は埋立てへ,よ
埋立・金物・有害、アルミ・スチール缶、ペットボトル,ライター,金具の部分をペンチで取ってガスを抜いてから出す,ら
埋立・金物・有害、アルミ・スチール缶、ペットボトル,ライター用オイル（容器）,中身を空にして出す,ら
埋立・金物・有害、アルミ・スチール缶、ペットボトル,ライター用ガス（缶）,穴を空けてガスを抜く,ら
埋立・金物・有害、アルミ・スチール缶、ペットボトル,ライト（懐中電灯等）,電池は抜いて有害ごみへ,ら
埋立・金物・有害、アルミ・スチール缶、ペットボトル,ラケット,木製は燃やすごみ、それ以外は埋立てへ,ら
埋立・金物・有害、アルミ・スチール缶、ペットボトル,ラジオ,電池は抜いて有害ごみへ,ら
埋立・金物・有害、アルミ・スチール缶、ペットボトル,ラジカセ,電池は抜いて有害ごみへ,ら
埋立・金物・有害、アルミ・スチール缶、ペットボトル,ラジコン,電池は抜いて有害ごみへ,ら
燃やすごみ,ラップ（食品用）,H.20.7.1　埋め立てより変更,ら
燃やすごみ,ラミネート,,ら
ビン,ラムネのびん,ビー玉が入っているものもびんへ,ら
燃やすごみ,ランドセル,,ら
埋立・金物・有害、アルミ・スチール缶、ペットボトル,ランチジャー,,ら
埋立・金物・有害、アルミ・スチール缶、ペットボトル,ランプ、ランタン,燃料を空にして出す,ら
埋立・金物・有害、アルミ・スチール缶、ペットボトル,リール（釣り用）,,り
埋立・金物・有害、アルミ・スチール缶、ペットボトル,リモコン,電池は抜いて有害ごみへ,り
埋立・金物・有害、アルミ・スチール缶、ペットボトル,リュックサック,材質に応じて燃やすごみ、埋立てに分ける,り
燃やすごみ,両面テープ,,り
埋立・金物・有害、アルミ・スチール缶、ペットボトル,リコーダー（笛）,,り
燃やすごみ,料理くず,できるだけ堆肥化等の資源化を行う。十分水を切って出す,り
埋立・金物・有害、アルミ・スチール缶、ペットボトル,ルーズリーフファイル,,る
埋立・金物・有害、アルミ・スチール缶、ペットボトル,ルーペ,,る
埋立・金物・有害、アルミ・スチール缶、ペットボトル,冷温剤,,れ
埋立・金物・有害、アルミ・スチール缶、ペットボトル,冷蔵庫脱臭剤,,れ
燃やすごみ,冷凍食品,袋についても中が銀色の物は燃やすごみへ,れ
埋立・金物・有害、アルミ・スチール缶、ペットボトル,レーダー（取締探知機）,,れ
埋立・金物・有害、アルミ・スチール缶、ペットボトル,レコード盤,,れ
埋立・金物・有害、アルミ・スチール缶、ペットボトル,レコードプレイヤー,指定袋に入らない物はリサイクルプラザへ持ち込み,れ
燃やすごみ,レシート,,れ
その他プラスチック,レジ袋,マイバッグを持参して買い物へ行く,れ
埋立・金物・有害、アルミ・スチール缶、ペットボトル,レジャーシート,,れ
埋立・金物・有害、アルミ・スチール缶、ペットボトル,レモン絞り,金属製のものはその他金物,れ
燃やすごみ,レトルトパック,,れ
埋立・金物・有害、アルミ・スチール缶、ペットボトル,れんげ,,れ
埋立・金物・有害、アルミ・スチール缶、ペットボトル,レンジ（電子、ガス）,指定袋に入らない物はリサイクルプラザへ持ち込み,れ
埋立・金物・有害、アルミ・スチール缶、ペットボトル,レンジ台,指定袋に入らない物はリサイクルプラザへ持ち込み,れ
埋立・金物・有害、アルミ・スチール缶、ペットボトル,レンジパネル（アルミ製）,,れ
埋立・金物・有害、アルミ・スチール缶、ペットボトル,レンズ,,れ
埋立・金物・有害、アルミ・スチール缶、ペットボトル,レンチ,,れ
燃やすごみ,ろう紙（キッチンシート）,,ろ
埋立・金物・有害、アルミ・スチール缶、ペットボトル,老眼鏡（めがね）,,ろ
燃やすごみ,ローソク,,ろ
埋立・金物・有害、アルミ・スチール缶、ペットボトル,ロープ,布、革製等の物は燃やすごみ、合成繊維の物は埋立てへ、１ｍ以内に切って出す,ろ
埋立・金物・有害、アルミ・スチール缶、ペットボトル,ローラースケート,,ろ
埋立・金物・有害、アルミ・スチール缶、ペットボトル,ローラーブレード,,ろ
埋立・金物・有害、アルミ・スチール缶、ペットボトル,ろ過装置（水槽用）,,ろ
燃やすごみ,ロージンバック(滑り止め、粉）,,ろ
埋立・金物・有害、アルミ・スチール缶、ペットボトル,ワープロ（家庭用）,,わ
埋立・金物・有害、アルミ・スチール缶、ペットボトル,ワープロリボン,,わ
埋立・金物・有害、アルミ・スチール缶、ペットボトル,ワイパー,ゴムは埋立て、本体はその他金物へ,わ
埋立・金物・有害、アルミ・スチール缶、ペットボトル,ワイヤーロープ,（変更前：埋立て）,わ
埋立・金物・有害、アルミ・スチール缶、ペットボトル,ワイングラス,,わ
ビン,ワインボトル,色に応じて分ける,わ
燃やすごみ,輪ゴム,,わ
燃やすごみ,ワッペン,,わ
埋立・金物・有害、アルミ・スチール缶、ペットボトル,ワッシャー,（変更前：埋立て）,わ
埋立・金物・有害、アルミ・スチール缶、ペットボトル,割れたびん、ガラス類,危険の無いように工夫して出す,わ
埋立・金物・有害、アルミ・スチール缶、ペットボトル,椀,木製は燃やすごみ、それ以外は埋立てへ,わ
ビン,ワンカップびん,その他の色のコンテナに入れる,わ
その他紙,アイスクリームのカップ、ふた,紙製の物はその他紙、プラスチック製の物はその他プラへ,あ
その他紙,紙パック類（ジュース等の）,水洗いして出す。中が銀色の物は燃やすごみへ,か
燃やすごみ,アコーディオンカーテン,布製は燃やすごみ、それ以外は埋立てへ,あ
燃やすごみ,植木用支柱,木・竹製は燃やすごみ、その他は埋立てへ,う
燃やすごみ,オーディオラック,木製は燃やすごみ、それ以外は埋立てへ,お
燃やすごみ,桶,材質に応じて燃やすごみ、埋立て、その他金物に分ける,お
燃やすごみ,お玉,材質に応じて燃やすごみ、埋立て、その他金物に分ける,お
燃やすごみ,おとし蓋,材質に応じて燃やすごみ、埋立て、その他金物に分ける,お
燃やすごみ,おぼん,木製は燃やすごみ、金属製はその他金物、それ以外は埋立てへ,お
燃やすごみ,おもちゃ,材質に応じて燃やすごみ、埋立て、その他金物に分ける　電池は抜いて有害ごみへ,お
埋立・金物・有害、アルミ・スチール缶、ペットボトル,おもちゃ,材質に応じて燃やすごみ、埋立て、その他金物に分ける　電池は抜いて有害ごみへ,お
燃やすごみ,折りたたみ机、椅子,木製は燃やすごみ、金属製はその他金物、それ以外は埋立てへ,お
燃やすごみ,額縁,木製は燃やすごみ、それ以外は埋立てへ,か
燃やすごみ,カゴ,木製は燃やすごみ、それ以外は埋立てへ,か
燃やすごみ,傘立て,材質に応じて燃やすごみ、埋立て、その他金物に分ける,か
燃やすごみ,カスタネット,木製は燃やすごみ、それ以外は埋立てへ,か
燃やすごみ,かばん,材質に応じて燃やすごみ、埋立て、その他金物に分ける,か
燃やすごみ,玩具類,材質に応じて燃やすごみ、埋立て、その他金物に分ける　電池は抜いて有害ごみへ,か
埋立・金物・有害、アルミ・スチール缶、ペットボトル,玩具類,材質に応じて燃やすごみ、埋立て、その他金物に分ける　電池は抜いて有害ごみへ,か
燃やすごみ,キッチンラック,材質に応じて燃やすごみ、埋立て、その他金物に分ける,き
燃やすごみ,脚立,材質に応じて燃やすごみ、埋立て、その他金物に分ける,き
燃やすごみ,救急箱,木製は燃やすごみ、金属製はその他金物、プラスチック製は埋立てへ,き
燃やすごみ,くし（櫛）,材質に応じて燃やすごみ、埋立て、その他金物に分ける,く
燃やすごみ,薬の包装,錠剤の裏が銀色の物は燃やすごみへ,く
燃やすごみ,串,材質に応じて燃やすごみ、埋立て、その他金物に分ける,く
燃やすごみ,熊手（ホウキみたいなやつ）,木製は燃やすごみ、金属製はその他金物、それ以外は埋立てへ,く
燃やすごみ,クリスマスツリー,木製は燃やすごみ、それ以外は埋立てへ,く
燃やすごみ,クロス,布製は燃やすごみ、それ以外は埋立てへ,く
燃やすごみ,玄関マット,布･ナイロン製は燃やすごみ、それ以外は埋立へ　３０ｃｍ以内の長さに切断して出す,け
燃やすごみ,コップ,材質に応じて燃やすごみ、埋立て、その他金物に分ける,こ
燃やすごみ,皿,材質に応じて燃やすごみ、埋立て、その他金物に分ける,さ
燃やすごみ,ざる,材質に応じて燃やすごみ、埋立て、その他金物に分ける,さ
燃やすごみ,シートカバー,材質に応じて分ける,し
燃やすごみ,しゃもじ,木・竹製の物は燃やすごみ、プラスチック製は埋立てへ,し
燃やすごみ,定規,材質に応じて燃やすごみ、埋立て、その他金物に分ける,し
燃やすごみ,食器類,材質に応じて燃やすごみ、埋立て、その他金物に分ける,し
燃やすごみ,すだれ,木・竹製の物は燃やすごみ、プラスチック製の物は埋立てへ,す
燃やすごみ,ストラップ（携帯電話用）,材質に応じて燃やすごみ、埋立て、その他金物に分ける,す
燃やすごみ,スナック菓子等の袋,中が銀色の物は燃やすごみ、それ以外はその他プラスチックへ,す
燃やすごみ,精米袋,中が銀色の袋は燃やすごみ、紙製はその他紙、透明袋はその他プラへ,せ
その他プラスチック,精米袋,中が銀色の袋は燃やすごみ、紙製はその他紙、透明袋はその他プラへ,せ
燃やすごみ,せいろ,木・竹製は燃やすごみ、金属製はその他金物へ,せ
燃やすごみ,台所マット,布製は燃やすごみ、それ以外は埋立てへ,た
燃やすごみ,脱衣かご,木製は燃やすごみ、それ以外は埋立てへ,た
燃やすごみ,たばこ（容器）,フィルムはその他プラ、箱はその他紙、中の銀紙は燃やすごみへ,た
その他紙,たばこ（容器）,フィルムはその他プラ、箱はその他紙、中の銀紙は燃やすごみへ,た
燃やすごみ,タライ,材質に応じて燃やすごみ、埋立て、その他金物に分ける,た
燃やすごみ,杖,木製は燃やすごみ、それ以外は埋立てへ,つ
燃やすごみ,積木,木製は燃やすごみ、プラスチック製は埋立てへ,つ
燃やすごみ,縄跳び紐,材質に応じて分ける　１ｍ以内に切って出す,な
燃やすごみ,縄,布、革製等の物は燃やすごみ、合成繊維の物は埋立てへ　１ｍ以内に切って出す,な
燃やすごみ,鍋敷き,木製は燃やすごみ、金属製はその他金物へ,な
燃やすごみ,箸（はし）、箸箱,木・竹製は燃やすごみ、プラスチック製は埋立てへ,は
燃やすごみ,バスケット,木製部分は燃やすごみ、それ以外は埋立てへ,は
燃やすごみ,バッグ（かばん）,材質に応じて燃やすごみ、埋立てに分ける,は
燃やすごみ,ハンガー,木製は燃やすごみ、プラスチック製は埋立て、金属製はその他金物へ,は
燃やすごみ,ファイル,材質に応じて分ける,ふ
燃やすごみ,筆箱,木、竹、布製等の物は燃やすごみ、それ以外は埋立てへ,ふ
燃やすごみ,布団たたき,木製、竹製の物は燃やすごみ、それ以外は埋立てへ,ふ
燃やすごみ,踏み台,木製は燃やすごみ、それ以外は埋立てへ,ふ
燃やすごみ,プランター,木製は燃やすごみ、プラスチック製は埋立てへ,ふ
燃やすごみ,風呂イス,木製は燃やすごみ、プラスチック製は埋立てへ,ふ
燃やすごみ,風呂ぶた,木製は燃やすごみ、それ以外は埋立てへ,ふ
燃やすごみ,ヘアーブラシ,木製は燃やすごみ、それ以外は埋立てへ,へ
燃やすごみ,ベルト（洋服用）,皮製の物は金具部分を外し燃やすごみへ,へ
燃やすごみ,ほうき,木・竹製は燃やすごみ、それ以外は埋立てへ,ほ
燃やすごみ,孫の手,木・竹製は燃やすごみ、それ以外は埋立てへ,ま
燃やすごみ,まな板,木製は燃やすごみ、それ以外は埋立てへ,ま
燃やすごみ,耳かき,木・竹製は燃やすごみ、それ以外は埋立てへ,み
燃やすごみ,虫取りアミ,木・竹製は燃やすごみ、それ以外は埋立てへ,む
燃やすごみ,浴槽のふた,木製、竹製等は燃やすごみ、それ以外は埋立てへ,よ
燃やすごみ,ラケット,木製は燃やすごみ、それ以外は埋立てへ,ら
燃やすごみ,リュックサック,材質に応じて燃やすごみ、埋立てに分ける,り
燃やすごみ,ロープ,布、革製等の物は燃やすごみ、合成繊維の物は埋立てへ、１ｍ以内に切って出す,ろ
燃やすごみ,椀,木製は燃やすごみ、それ以外は埋立てへ,わ
